Park,Latitude,Longitude,Mortality Date,Species,Total Animals,Adult Female,Sex,Age_Class,Mortality Type,Original formatted date,Easting,Northing
Glacier National Park,51.24,-117.7,1959-08-20,Grizzly Bear,1,1,Female,ADULT,Railway,20/08/1959,453620,5676209
Glacier National Park,51.22,-117.7,1960-02-17,Wolverine,1,0,Male,ADULT,Railway,17/02/1960,452820,5674909
Glacier National Park,51.33,-117.4,1962-08-06,Black Bear,1,0,Unknown,UNKNOWN,Railway,6/8/1962,468820,5686609
Glacier National Park,51.41,-117.5,1962-08-24,Black Bear,1,0,Unknown,UNKNOWN,Highway,24/08/1962,467120,5696009
Glacier National Park,51.31,-117.5,1962-09-15,Black Bear,1,0,Unknown,UNKNOWN,Highway,15/09/1962,464020,5684309
Glacier National Park,51.37,-117.4,1962-10-31,Black Bear,1,1,Female,ADULT,Highway,31/10/1962,469220,5690609
Glacier National Park,51.32,-117.5,1964-09-16,Mountain Goat,1,0,Unknown,YLY,Highway,16/09/1964,466420,5685709
Glacier National Park,51.32,-117.5,1965-05-28,Mountain Goat,1,0,Male,ADULT,Highway,28/05/1965,466720,5685909
Glacier National Park,51.32,-117.5,1969-11-20,Mountain Goat,1,1,Female,ADULT,Highway,20/11/1969,466020,5685609
Glacier National Park,51.26,-117.5,1970-05-26,Black Bear,1,1,Female,ADULT,Highway,26/05/1970,463320,5679309
Glacier National Park,51.26,-117.6,1971-05-15,Grizzly Bear,1,0,Unknown,YOY,Highway,15/05/1971,460520,5679209
Glacier National Park,51.36,-117.4,1971-06-26,Black Bear,1,0,Unknown,YOY,Railway,26/06/1971,468920,5690309
Glacier National Park,51.27,-117.5,1971-08-23,Black Bear,1,1,Female,ADULT,Highway,23/08/1971,463867,5679694
Glacier National Park,51.32,-117.5,1971-09-12,Grizzly Bear,1,0,Unknown,YLY,Highway,12/9/1971,466420,5685709
Glacier National Park,51.25,-117.6,1972-06-12,Grizzly Bear,1,0,Male,ADULT,Highway,12/6/1972,457220,5677709
Glacier National Park,51.33,-117.5,1972-08-10,Mountain Goat,1,0,Unknown,YLY,Highway,10/8/1972,468220,5686409
Glacier National Park,51.39,-117.4,1972-08-10,Black Bear,1,1,Female,ADULT,Highway,10/8/1972,468785,5692801
Glacier National Park,51.32,-117.5,1973-09-17,Black Bear,1,0,Unknown,YOY,Highway,17/09/1973,464520,5685209
Glacier National Park,51.32,-117.5,1973-09-17,Black Bear,1,0,Unknown,YOY,Highway,17/09/1973,464600,5685000
Glacier National Park,51.23,-117.7,1975-09-04,Black Bear,1,1,Female,ADULT,Highway,4/9/1975,453300,5675200
Glacier National Park,51.26,-117.6,1975-09-08,Black Bear,1,1,Female,Adult,Railway,8/9/1975,459448,5678719
Glacier National Park,51.17,-117.7,1975-09-24,Black Bear,1,0,Unknown,Unknown,Railway,24/09/1975,453500,5669200
Glacier National Park,51.37,-117.4,1976-06-30,Black Bear,1,0,Unknown,YLY,Highway,30/06/1976,468820,5691509
Glacier National Park,51.47,-117.5,1976-08-09,Black Bear,1,1,Female,ADULT,Highway,9/8/1976,466820,5702109
Glacier National Park,51.38,-117.4,1977-06-15,Black Bear,4,1,Mixed group,Mixed group,Highway,15/06/1977,468690,5692585
Glacier National Park,51.21,-117.7,1977-06-26,Black Bear,1,1,Female,ADULT,Highway,26/06/1977,451220,5673909
Glacier National Park,51.37,-117.4,1977-06-26,Black Bear,4,1,Mixed,ADULT,Highway,26/06/1977,469188,5690753
Glacier National Park,51.33,-117.5,1977-07-01,Mountain Goat,1,0,Male,ADULT,Highway,1/7/1977,467702,5686106
Glacier National Park,51.32,-117.5,1977-10-21,Mountain Goat,1,1,Female,ADULT,Highway,21/10/1977,466520,5685509
Glacier National Park,51.37,-117.4,1978-05-08,Black Bear,1,1,Female,ADULT,Highway,8/5/1978,468800,5691500
Glacier National Park,51.37,-117.4,1978-05-21,Grizzly Bear,2,0,Unknown,YLY,Highway,21/05/1978,469120,5691309
Glacier National Park,51.26,-117.6,1978-05-29,Black Bear,1,0,Unknown,UNKNOWN,Railway,29/05/1978,461620,5679309
Glacier National Park,51.45,-117.5,1978-10-20,Black Bear,1,1,Female,ADULT,Highway,20/10/1978,465620,5700309
Glacier National Park,51.22,-117.7,1979-06-07,Black Bear,1,0,Unknown,ADULT,Highway,7/6/1979,452620,5674909
Glacier National Park,51.26,-117.5,1979-08-01,Black Bear,1,0,Unknown,YOY,Highway,1/8/1979,462520,5678609
Glacier National Park,51.32,-117.5,1980-06-13,Mountain Goat,1,1,Female,ADULT,Highway,13/06/1980,467320,5686009
Glacier National Park,51.33,-117.5,1980-07-02,Mountain Goat,1,0,Male,ADULT,Highway,2/7/1980,467720,5686209
Glacier National Park,51.21,-117.7,1980-07-04,Black Bear,1,0,Male,YOY,Highway,4/7/1980,450120,5673509
Glacier National Park,51.32,-117.5,1980-11-16,Mountain Goat,1,0,Male,ADULT,Highway,16/11/1980,467220,5686009
Glacier National Park,51.33,-117.5,1981-06-08,Mountain Goat,1,0,Male,ADULT,Highway,8/6/1981,468020,5686309
Glacier National Park,50.94,-117.7,1981-07-07,Black Bear,1,0,Unknown,YOY,Highway,7/7/1981,450500,5643400
Glacier National Park,51.41,-117.5,1981-07-14,Black Bear,1,0,Female,YOY,Highway,14/07/1981,467320,5695009
Glacier National Park,51.42,-117.5,1981-07-18,Black Bear,1,0,Male,ADULT,Highway,18/07/1981,467120,5696709
Glacier National Park,51.33,-117.5,1981-07-19,Mountain Goat,1,0,Female,YLY,Highway,19/07/1981,467720,5686109
Glacier National Park,51.33,-117.5,1981-07-26,Mountain Goat,1,0,Unknown,YOY,Highway,26/07/1981,467820,5686109
Glacier National Park,51.22,-117.7,1981-11-07,Black Bear,1,1,Female,ADULT,Railway,7/11/1981,453120,5675009
Glacier National Park,51.21,-117.7,1982-05-26,Black Bear,1,1,Female,ADULT,Highway,26/05/1982,451300,5673600
Glacier National Park,51.26,-117.6,1982-06-15,Black Bear,1,0,Unknown,YLY,Highway,15/06/1982,458720,5678509
Glacier National Park,51.32,-117.5,1982-07-08,Mountain Goat,2,2,Female,ADULT,Highway,8/7/1982,467520,5686009
Glacier National Park,51.32,-117.5,1982-07-11,Mountain Goat,1,0,Male,ADULT,Highway,11/7/1982,467420,5686009
Glacier National Park,51.33,-117.5,1982-07-13,Black Bear,1,1,Female,ADULT,Highway,13/07/1982,468020,5686309
Glacier National Park,51.23,-117.7,1982-07-27,Black Bear,1,0,Male,ADULT,Highway,27/07/1982,452820,5675209
Glacier National Park,51.32,-117.5,1982-07-30,Mountain Goat,1,0,Unknown,YOY,Highway,30/07/1982,467220,5686009
Glacier National Park,51.33,-117.5,1982-08-11,Mountain Goat,1,0,Unknown,YOY,Highway,11/8/1982,467520,5686109
Glacier National Park,51.45,-117.5,1982-08-13,Black Bear,1,1,Female,ADULT,Highway,13/08/1982,466820,5700309
Glacier National Park,51.33,-117.5,1982-08-17,Mountain Goat,1,0,Male,Adult,Highway,17/08/1982,468020,5686309
Glacier National Park,51.32,-117.5,1982-08-30,Mountain Goat,1,1,Female,ADULT,Highway,30/08/1982,466800,5685700
Glacier National Park,51.26,-117.6,1982-09-20,Black Bear,1,0,Male,ADULT,Highway,20/09/1982,460520,5679109
Glacier National Park,51.21,-117.7,1983-05-20,Black Bear,1,0,Unknown,ADULT,Highway,20/05/1983,449920,5673409
Glacier National Park,51.32,-117.5,1983-06-22,Mountain Goat,1,0,Unknown,YOY,Highway,22/06/1983,467520,5686009
Glacier National Park,51.33,-117.5,1983-06-25,Black Bear,1,1,Female,ADULT,Highway,25/06/1983,468220,5686409
Glacier National Park,51.33,-117.5,1983-06-26,Mountain Goat,1,1,Female,ADULT,Highway,26/06/1983,467520,5686109
Glacier National Park,51.32,-117.5,1983-07-23,Mountain Goat,1,1,Female,ADULT,Highway,23/07/1983,467520,5686009
Glacier National Park,50.87,-117.5,1984-01-12,Mountain Goat,1,1,Female,ADULT,Highway,12/1/1984,466320,5635609
Glacier National Park,51.26,-117.6,1984-06-20,Mountain Goat,1,0,Male,ADULT,Highway,20/06/1984,460020,5679109
Glacier National Park,51.33,-117.5,1984-07-02,Mountain Goat,2,2,Female,ADULT,Highway,2/7/1984,467520,5686109
Glacier National Park,51.41,-117.5,1984-07-24,Black Bear,1,0,Unknown,YOY,Highway,24/07/1984,467220,5695709
Glacier National Park,51.3,-117.5,1984-09-06,Black Bear,1,1,Female,ADULT,Highway,6/9/1984,463820,5683309
Glacier National Park,51.21,-117.7,1985-06-18,Black Bear,1,0,Unknown,YLY,Railway,18/06/1985,451320,5673909
Glacier National Park,51.32,-117.5,1985-06-28,Mountain Goat,1,0,Unknown,YLY,Highway,28/06/1985,467320,5686009
Glacier National Park,51.26,-117.6,1985-07-11,Mountain Goat,1,1,Female,ADULT,Highway,11/7/1985,459420,5678709
Glacier National Park,51.41,-117.5,1985-07-17,Black Bear,1,1,Female,ADULT,Highway,17/07/1985,467120,5695809
Glacier National Park,51.47,-117.5,1985-07-28,Black Bear,1,1,Female,ADULT,Highway,28/07/1985,466620,5702609
Glacier National Park,51.26,-117.5,1985-08-06,Black Bear,1,1,Female,ADULT,Highway,6/8/1985,464420,5679409
Glacier National Park,51.32,-117.5,1985-10-15,Black Bear,1,1,Female,ADULT,Highway,15/10/1985,465920,5685509
Glacier National Park,51.33,-117.4,1985-10-18,Black Bear,1,1,Female,ADULT,Highway,18/10/1985,469320,5686909
Glacier National Park,51.43,-117.5,1986-05-05,Black Bear,1,1,Female,ADULT,Highway,5/5/1986,466920,5697209
Glacier National Park,51.32,-117.5,1986-07-05,Mountain Goat,1,1,Female,ADULT,Highway,5/7/1986,467220,5686009
Glacier National Park,51.24,-117.7,1986-07-11,Black Bear,1,0,Female,YOY,Highway,11/7/1986,453620,5676509
Glacier National Park,51.26,-117.6,1986-08-01,Black Bear,1,0,Unknown,YOY,Highway,1/8/1986,458920,5678509
Glacier National Park,51.32,-117.5,1987-02-16,Mountain Goat,1,0,Male,ADULT,Highway,16/02/1987,466820,5685909
Glacier National Park,51.32,-117.5,1987-05-05,Black Bear,1,0,Unknown,YLY,Highway,5/5/1987,465120,5685209
Glacier National Park,51.35,-117.4,1987-05-27,Black Bear,1,1,Female,ADULT,Highway,27/05/1987,469620,5689309
Glacier National Park,51.21,-117.7,1987-07-04,Black Bear,1,1,Female,ADULT,Highway,4/7/1987,451320,5673809
Glacier National Park,51.31,-117.5,1987-07-08,Black Bear,1,1,Female,ADULT,Highway,8/7/1987,463620,5683909
Glacier National Park,51.23,-117.7,1987-07-10,Black Bear,1,1,Female,ADULT,Highway,10/7/1987,453420,5675909
Glacier National Park,51.35,-117.4,1987-08-09,Black Bear,1,0,Unknown,YLY,Highway,9/8/1987,469620,5688509
Glacier National Park,51.39,-117.4,1987-08-15,Black Bear,1,0,Unknown,YOY,Highway,15/08/1987,468820,5692909
Glacier National Park,51.38,-117.5,1987-08-16,Black Bear,1,0,Unknown,YOY,Highway,16/08/1987,468320,5692709
Glacier National Park,51.33,-117.5,1988-06-23,Mountain Goat,1,1,Female,ADULT,Highway,23/06/1988,467920,5686309
Glacier National Park,51.32,-117.5,1988-07-04,Mountain Goat,1,0,Male,ADULT,Highway,4/7/1988,466920,5686009
Glacier National Park,51.4,-117.5,1988-08-01,Black Bear,1,1,Mixed,ADULT,Highway,1/8/1988,467920,5694209
Glacier National Park,51.21,-117.7,1988-08-18,Black Bear,1,1,Female,ADULT,Highway,18/08/1988,448420,5672909
Glacier National Park,51.32,-117.5,1988-10-20,Black Bear,1,0,Unknown,ADULT,Highway,20/10/1988,465720,5685509
Glacier National Park,51.32,-117.5,1989-06-08,Mountain Goat,1,0,Unknown,YOY,Highway,8/6/1989,467420,5686009
Glacier National Park,51.32,-117.5,1989-06-16,Mountain Goat,1,0,Unknown,YLY,Highway,16/06/1989,467320,5686009
Glacier National Park,51.22,-117.7,1989-06-23,Black Bear,1,0,Unknown,YOY,Highway,23/06/1989,452720,5675009
Glacier National Park,51.32,-117.5,1989-07-01,Mountain Goat,1,1,Female,ADULT,Highway,1/7/1989,467220,5685909
Glacier National Park,51.32,-117.5,1989-07-14,Mountain Goat,1,0,Unknown,YLY,Highway,14/07/1989,467220,5686009
Glacier National Park,51.31,-117.5,1989-08-03,Black Bear,1,0,Unknown,YLY,Highway,3/8/1989,464020,5684509
Glacier National Park,51.32,-117.5,1990-06-14,Black Bear,1,0,Male,YOY,Highway,14/06/1990,465107,5685162
Glacier National Park,51.32,-117.5,1990-06-19,Black Bear,1,0,Unknown,ADULT,Highway,19/06/1990,465820,5685609
Glacier National Park,50.56,-117.5,1990-07-05,Black Bear,1,1,Female,ADULT,Highway,5/7/1990,466720,5601408
Glacier National Park,51.29,-117.5,1990-07-14,Black Bear,1,0,Unknown,YOY,Highway,14/07/1990,464220,5682509
Glacier National Park,51.43,-117.5,1990-07-22,Black Bear,1,0,Unknown,YLY,Highway,22/07/1990,466720,5697709
Glacier National Park,51.05,-117.9,1990-08-25,Mountain Goat,1,0,Female,YOY,Highway,25/08/1990,434420,5656209
Glacier National Park,51.32,-117.5,1990-10-16,Mountain Goat,2,1,Unknown,Unknown,Highway,16/10/1990,467500,5685800
Glacier National Park,51.46,-117.5,1991-05-12,Mountain Goat,1,0,Unknown,YLY,Highway,12/5/1991,466620,5701509
Glacier National Park,51.38,-117.5,1991-05-18,Black Bear,1,0,Unknown,YLY,Highway,18/05/1991,468520,5691809
Glacier National Park,51.33,-117.4,1991-06-08,Black Bear,1,1,Female,ADULT,Highway,8/6/1991,468920,5686709
Glacier National Park,51.32,-117.5,1991-06-16,Mountain Goat,1,1,Female,ADULT,Highway,16/06/1991,467220,5686009
Glacier National Park,51.45,-117.5,1991-06-28,Black Bear,1,0,Unknown,YLY,Highway,28/06/1991,466820,5699709
Glacier National Park,51.24,-117.6,1991-07-09,Black Bear,1,0,Unknown,YLY,Highway,9/7/1991,455120,5677009
Glacier National Park,51.33,-117.5,1991-07-27,Mountain Goat,1,1,Female,ADULT,Highway,27/07/1991,467320,5686109
Glacier National Park,51.32,-117.5,1992-02-08,Mountain Goat,1,0,Male,YLY,Highway,8/2/1992,466620,5686009
Glacier National Park,51.41,-117.5,1992-09-17,Black Bear,1,1,Female,ADULT,Highway,17/09/1992,467420,5695009
Glacier National Park,51.35,-117.3,1993-05-21,Black Bear,1,1,Female,ADULT,Railway,21/05/1993,476920,5688809
Glacier National Park,51.32,-117.5,1993-06-20,Mountain Goat,1,0,Male,ADULT,Highway,20/06/1993,467320,5686009
Glacier National Park,51.32,-117.5,1993-07-15,Mountain Goat,1,0,Female,YOY,Highway,15/07/1993,466620,5685709
Glacier National Park,51.32,-117.5,1993-08-21,Mountain Goat,1,1,Female,ADULT,Highway,21/08/1993,465620,5685509
Glacier National Park,51.26,-117.6,1993-08-30,Black Bear,1,0,Male,ADULT,Highway,30/08/1993,459520,5678809
Glacier National Park,51.31,-117.5,1993-09-09,Black Bear,1,0,Unknown,UNKNOWN,Highway,9/9/1993,464420,5684909
Glacier National Park,51.32,-117.5,1994-06-22,Mountain Goat,1,1,Female,ADULT,Highway,22/06/1994,467020,5685909
Glacier National Park,51.1,-117.8,1994-06-25,Black Bear,1,1,Female,ADULT,Highway,25/06/1994,441420,5661609
Glacier National Park,51.26,-117.6,1994-06-29,Black Bear,1,0,Unknown,UNKNOWN,Highway,29/06/1994,459420,5678709
Glacier National Park,51.34,-117.4,1994-06-30,Black Bear,1,1,Female,ADULT,Railway,30/06/1994,470220,5687909
Glacier National Park,51.32,-117.5,1994-12-22,Mountain Goat,1,1,Female,ADULT,Highway,22/12/1994,466920,5685909
Glacier National Park,51.4,-117.5,1995-05-20,Black Bear,1,1,Female,ADULT,Highway,20/05/1995,467620,5694609
Glacier National Park,51.43,-117.5,1995-12-22,Wolverine,1,1,Female,ADULT,Highway,22/12/1995,466720,5698209
Glacier National Park,51.42,-117.5,1996-10-11,Black Bear,1,0,Unknown,YLY,Highway,11/10/1996,467120,5697009
Glacier National Park,51.26,-117.5,1997-06-11,Black Bear,1,0,Unknown,YLY,Highway,11/6/1997,462420,5678609
Glacier National Park,51.33,-117.5,1997-08-18,Mountain Goat,1,1,Female,ADULT,Highway,18/08/1997,468220,5686509
Glacier National Park,51.31,-117.5,1997-09-19,Black Bear,1,1,Female,ADULT,Highway,19/09/1997,462420,5684409
Glacier National Park,51.33,-117.5,1997-10-19,Mountain Goat,1,0,Unknown,ADULT,Highway,19/10/1997,468220,5686509
Glacier National Park,51.38,-117.4,1998-06-27,Black Bear,1,0,Male,ADULT,Highway,27/06/1998,468774,5692701
Glacier National Park,51.22,-117.7,1999-05-01,Black Bear,1,0,MALE,ADULT,Highway,1/5/1999,451677,5674248
Glacier National Park,51.46,-117.5,1999-05-25,Black Bear,1,0,UNKNOWN,YOLY,Railway,25/05/1999,465429,5700554
Glacier National Park,51.37,-117.4,1999-05-27,Black Bear,1,0,FEMALE,YOLY,Railway,27/05/1999,469013,5690752
Glacier National Park,51.26,-117.6,1999-06-04,Black Bear,1,0,Unknown,UNKNOWN,Highway,4/6/1999,456596,5679050
Glacier National Park,51.46,-117.5,1999-06-12,Black Bear,2,0,UNKNOWN,YOLY,Highway,12/6/1999,466759,5701310
Glacier National Park,51.33,-117.5,1999-06-19,Mountain Goat,1,0,Unknown,YLY,Highway,19/06/1999,467020,5686129
Glacier National Park,51.38,-117.5,1999-06-23,Black Bear,1,0,UNKNOWN,UNKNOWN,Railway,23/06/1999,468420,5692209
Glacier National Park,51.25,-117.6,1999-06-25,Black Bear,1,0,MALE,ADULT,Highway,25/06/1999,456629,5677924
Glacier National Park,50.47,-117.4,1999-06-26,Black Bear,1,0,MALE,ADULT,Railway,26/06/1999,468920,5590766
Glacier National Park,51.26,-117.6,1999-07-06,Grizzly Bear,1,0,Unknown,UNKNOWN,Highway,6/7/1999,460585,5679385
Glacier National Park,51.43,-117.5,1999-07-09,Black Bear,1,0,UNKNOWN,YOY,Highway,9/7/1999,466869,5697516
Glacier National Park,51.25,-117.6,1999-09-09,Black Bear,1,0,UNKNOWN,ADULT,Highway,9/9/1999,455566,5677586
Glacier National Park,51.25,-117.6,1999-09-09,Black Bear,1,0,MALE,UNKNOWN,Railway,9/9/1999,458746,5678184
Glacier National Park,51.38,-117.4,1999-10-09,Grizzly Bear,1,0,FEMALE,YOY,Highway,9/10/1999,468920,5692209
Glacier National Park,50.47,-117.4,2000-07-15,Black Bear,1,0,MALE,ADULT,Railway,15/07/2000,469000,5590558
Glacier National Park,51.35,-117.5,2000-07-15,Black Bear,1,0,MALE,ADULT,Highway,15/07/2000,462463,5688939
Glacier National Park,51.46,-117.5,2000-08-14,Black Bear,1,0,UNKNOWN,UNKNOWN,Highway,14/08/2000,466596,5701589
Glacier National Park,51.29,-117.5,2001-06-03,Mountain Goat,1,0,Unknown,YLY,Highway,3/6/2001,463990,5682379
Glacier National Park,51.35,-117.4,2001-06-13,Black Bear,1,0,Unknown,UNKNOWN,Highway,13/06/2001,469980,5688409
Glacier National Park,51.38,-117.5,2001-06-27,Black Bear,1,0,UNKNOWN,ADULT,Railway,27/06/2001,467874,5692435
Glacier National Park,51.32,-117.5,2001-07-03,Mountain Goat,1,0,FEMALE,YOLY,Highway,3/7/2001,467100,5685920
Glacier National Park,50.47,-117.4,2001-07-13,Black Bear,1,0,UNKNOWN,UNKNOWN,Railway,13/07/2001,469039,5590558
Glacier National Park,51.35,-117.4,2002-05-16,Black Bear,1,0,MALE,YOY,Railway,16/05/2002,470220,5688509
Glacier National Park,50.47,-117.5,2002-05-19,Black Bear,1,0,MALE,ADULT,Railway,19/05/2002,463724,5590766
Glacier National Park,51.37,-117.5,2002-05-19,Black Bear,1,0,MALE,ADULT,Railway,19/05/2002,468639,5691614
Glacier National Park,51.46,-117.5,2002-06-02,Grizzly Bear,1,0,Unknown,YOY,Highway,2/6/2002,466720,5700709
Glacier National Park,51.45,-117.5,2002-06-12,Grizzly Bear,1,0,Unknown,YOY,Highway,12/6/2002,466770,5699910
Glacier National Park,51.33,-117.5,2002-06-27,Mountain Goat,1,1,FEMALE,ADULT,Highway,27/06/2002,467033,5686169
Glacier National Park,51.33,-117.5,2002-08-03,Black Bear,1,1,Female,ADULT,Highway,3/8/2002,468190,5686549
Glacier National Park,51.33,-117.5,2002-08-04,Black Bear,1,0,FEMALE,UNKNOWN,Highway,4/8/2002,468215,5686336
Glacier National Park,51.48,-117.5,2002-08-06,Black Bear,1,0,Unknown,YLY,Highway,6/8/2002,466615,5703189
Glacier National Park,51.26,-117.6,2002-09-08,Mountain Goat,1,0,FEMALE,YOY,Highway,8/9/2002,459800,5679049
Glacier National Park,51.26,-117.6,2002-10-18,Mountain Goat,1,1,FEMALE,ADULT,Highway,18/10/2002,459800,5679049
Glacier National Park,51.05,-117.9,2004-01-16,Mountain Goat,1,0,UNKNOWN,UNKNOWN,Highway,16/01/2004,434429,5656169
Glacier National Park,51.24,-117.6,2004-06-08,Black Bear,1,0,MALE,ADULT,Highway,8/6/2004,455312,5677172
Glacier National Park,51.32,-117.5,2004-07-18,Mountain Goat,1,1,Female,ADULT,Highway,18/07/2004,467100,5685920
Glacier National Park,51.32,-117.5,2004-07-18,Mountain Goat,1,0,FEMALE,UNKNOWN,Highway,18/07/2004,466690,5685901
Glacier National Park,51.24,-117.6,2004-08-06,Black Bear,1,0,MALE,ADULT,Highway,6/8/2004,455312,5677172
Glacier National Park,51.33,-117.5,2004-09-07,Mountain Goat,1,1,FEMALE,ADULT,Highway,7/9/2004,467680,5686111
Glacier National Park,51.26,-117.6,2004-10-03,Mountain Goat,2,0,Unknown,UNKNOWN,Highway,3/10/2004,459450,5678550
Glacier National Park,51.26,-117.6,2005-07-11,Mountain Goat,1,0,Female,YLY,Highway,11/7/2005,459880,5678840
Glacier National Park,51.32,-117.5,2005-07-13,Mountain Goat,1,1,Female,ADULT,Highway,13/07/2005,467100,5685920
Glacier National Park,51.33,-117.5,2005-07-13,Mountain Goat,1,0,Unknown,UNKNOWN,Highway,13/07/2005,467680,5686111
Glacier National Park,51.45,-117.5,2005-10-09,Mountain Goat,1,1,Female,ADULT,Highway,9/10/2005,466770,5699910
Glacier National Park,51.32,-117.5,2006-06-24,Mountain Goat,1,0,UNKNOWN,YOY,Highway,24/06/2006,467113,5685960
Glacier National Park,51.33,-117.5,2006-09-09,Mountain Goat,1,0,Unknown,UNKNOWN,Highway,9/9/2006,467680,5686111
Glacier National Park,51.23,-117.7,2006-09-14,Black Bear,1,0,Unknown,UNKNOWN,Railway,14/09/2006,452945,5675390
Glacier National Park,51.32,-117.5,2006-10-17,Mountain Goat,1,0,FEMALE,YOY,Highway,17/10/2006,467113,5685960
Glacier National Park,51.46,-117.5,2006-10-21,Grizzly Bear,1,0,Unknown,YOY,Railway,21/10/2006,465835,5701608
Glacier National Park,51.32,-117.5,2007-06-21,Mountain Goat,1,1,Female,ADULT,Highway,21/06/2007,467113,5685960
Glacier National Park,51.33,-117.5,2007-07-11,Mountain Goat,1,0,Unknown,YLY,Highway,11/7/2007,467680,5686111
Glacier National Park,51.39,-117.5,2007-07-23,Black Bear,1,0,Unknown,YLY,Railway,23/07/2007,467820,5692800
Glacier National Park,51.41,-117.5,2007-07-26,Mountain Goat,1,1,Female,ADULT,Highway,26/07/2007,467139,5696009
Glacier National Park,51.39,-117.5,2007-10-05,Black Bear,1,0,Unknown,UNKNOWN,Railway,5/10/2007,467820,5692800
Glacier National Park,51.46,-117.5,2007-10-14,Black Bear,1,0,Unknown,UNKNOWN,Railway,14/10/2007,465835,5701608
Glacier National Park,51.32,-117.5,2007-11-23,Mountain Goat,1,0,Unknown,UNKNOWN,Highway,23/11/2007,466933,5685939
Glacier National Park,51.34,-117.4,2008-06-21,Black Bear,1,0,MALE,ADULT,Highway,21/06/2008,469193,5687214
Glacier National Park,51.26,-117.6,2008-06-30,Black Bear,1,0,Unknown,UNKNOWN,Highway,30/06/2008,461594,5679136
Glacier National Park,51.24,-117.7,2008-07-01,Black Bear,1,0,UNKNOWN,UNKNOWN,Highway,1/7/2008,454614,5676907
Glacier National Park,51.43,-117.5,2009-06-16,Black Bear,1,0,Unknown,UNKNOWN,Highway,16/06/2009,466861,5697851
Glacier National Park,51.46,-117.5,2010-04-16,Black Bear,1,1,Female,ADULT,Highway,16/04/2010,465835,5701608
Glacier National Park,51.39,-117.5,2010-06-23,Black Bear,1,1,Female,ADULT,Highway,23/06/2010,467820,5692800
Glacier National Park,51.32,-117.5,2010-07-11,Mountain Goat,1,1,Female,ADULT,Highway,11/7/2010,467232,5685944
Glacier National Park,51.39,-117.5,2010-11-05,Black Bear,1,1,Female,ADULT,Railway,5/11/2010,466905,5693858
Glacier National Park,51.23,-117.7,2011-05-21,Black Bear,1,0,Male,UNKNOWN,Railway,21/05/2011,453929,5675990
Glacier National Park,51.22,-117.7,2011-07-08,Black Bear,1,0,MALE,UNKNOWN,Highway,8/7/2011,451690,5674016
Glacier National Park,51.44,-117.5,2011-08-08,Black Bear,1,0,MALE,ADULT,Highway,8/8/2011,466810,5699026
Glacier National Park,51.34,-117.4,2011-08-14,Black Bear,1,0,Unknown,UNKNOWN,Highway,14/08/2011,469496,5687713
Glacier National Park,51.23,-117.7,2011-11-21,Black Bear,1,1,Female,ADULT,Railway,21/11/2011,453929,5675990
Glacier National Park,51.41,-117.5,2012-06-02,Black Bear,1,0,Unknown,UNKNOWN,Railway,2/6/2012,466363,5695307
Glacier National Park,51.26,-117.6,2012-06-26,Mountain Goat,1,0,Unknown,UNKNOWN,Highway,26/06/2012,460520,5679060
Glacier National Park,51.26,-117.6,2013-03-07,Mountain Goat,1,0,Unknown,UNKNOWN,Highway,7/3/2013,460526,5679171
Glacier National Park,51.26,-117.6,2013-06-07,Mountain Goat,1,0,FEMALE,UNKNOWN,Highway,7/6/2013,459931,5678874
Glacier National Park,51.26,-117.6,2013-06-12,Mountain Goat,2,0,UNKNOWN,UNKNOWN,Highway,12/6/2013,459453,5678719
Glacier National Park,51.32,-117.5,2013-10-16,Black Bear,1,0,MALE,UNKNOWN,Highway,16/10/2013,464580,5685003
Glacier National Park,51.41,-117.5,2014-05-02,Black Bear,3,0,FEMALE,UNKNOWN,Railway,2/5/2014,466136,5695435
Glacier National Park,51.49,-117.5,2014-05-27,Black Bear,1,0,MALE,UNKNOWN,Highway,27/05/2014,465779,5704248
Glacier National Park,51.21,-117.7,2014-06-04,Black Bear,1,0,MALE,UNKNOWN,Highway,4/6/2014,449958,5673388
Glacier National Park,51.32,-117.5,2014-06-13,Mountain Goat,1,0,FEMALE,UNKNOWN,Highway,13/06/2014,467213,5685931
Glacier National Park,51.32,-117.5,2014-07-02,Mountain Goat,1,0,Female,UNKNOWN,Highway,2/7/2014,467113,5685960
Glacier National Park,51.27,-117.5,2014-07-09,Mountain Goat,1,0,Unknown,UNKNOWN,Highway,9/7/2014,463949,5679720
Glacier National Park,51.32,-117.5,2014-07-13,Mountain Goat,2,0,FEMALE,UNKNOWN,Highway,13/07/2014,467113,5685960
Glacier National Park,51.32,-117.5,2014-07-14,Mountain Goat,1,0,FEMALE,UNKNOWN,Highway,14/07/2014,467423,5685981
Glacier National Park,51.41,-117.5,2015-06-12,Black Bear,1,0,Male,Adult,Railway,12/6/2015,466405,5695155
Glacier National Park,51.26,-117.6,2015-06-23,Mountain Goat,2,0,Unknown,Adult,Highway,23/06/2015,459448,5678719
Glacier National Park,51.26,-117.6,2015-06-26,Mountain Goat,1,0,Unknown,YOY,Highway,26/06/2015,459448,5678719
Glacier National Park,51.32,-117.5,2015-07-06,Mountain Goat,1,1,Female,Adult,Highway,6/7/2015,467059,5685909
Glacier National Park,51.26,-117.6,2015-07-10,Mountain Goat,1,0,Unknown,Adult,Highway,10/7/2015,459318,5678678
Glacier National Park,51.26,-117.6,2015-07-31,Mountain Goat,1,0,Unknown,YOY,Highway,31/07/2015,459448,5678719
Glacier National Park,51.26,-117.6,2015-08-28,Mountain Goat,1,0,Female,Junvenile,Highway,28/08/2015,459448,5678719
Glacier National Park,51.26,-117.6,2015-09-24,Mountain Goat,1,0,Female,YOY,Highway,24/09/2015,459448,5678719
Glacier National Park,51.36860392,-117.4,2015-10-07,Black Bear,1,0,Female,YLY,Highway,7/10/2015,458176,567805
Glacier National Park,51.26,-117.6,2015-10-13,Black Bear,1,0,Unknown,Unknown,Railway,13/10/2015,459448,5678719
Glacier National Park,51.37,-117.4,2015-11-01,Black Bear,1,0,Male,Adult,Railway,1/11/2015,468815,5691031
Glacier National Park,51.38,-117.5,2016-05-12,Black Bear,1,1,Female,Adult,Railway,12/5/2016,467820,5691870
Glacier National Park,51.34,-117.4,2016-06-04,Black Bear,1,0,Unknown,Adult,Railway,4/6/2016,470281,5688232
Glacier National Park,51.2,-117.7,2016-06-26,Mountain Goat,1,0,Unknown,Adult,Highway,26/06/2016,447918,5672438
Glacier National Park,51.26,-117.6,2016-06-30,Mountain Goat,1,0,Unknown,YOY,Highway,30/06/2016,459448,5678715
Glacier National Park,51.26,-117.6,2016-07-10,Black Bear,1,0,Male,Junvenile,Highway,10/7/2016,461568,5679118
Glacier National Park,51.32,-117.5,2016-07-20,Mountain Goat,1,0,Unknown,YLY,Highway,20/07/2016,466943,5685887
Glacier National Park,51.25,-117.6,2016-09-17,Black Bear,1,0,Male,Adult,Railway,17/09/2016,458659,5678110
Glacier National Park,51.38,-117.5,2016-10-23,Black Bear,3,0,Unknown,Unknown,Railway,23/10/2016,467561,5692335
Glacier National Park,51.21,-117.7,2017-06-18,Black Bear,1,0,Unknown,YOY,Highway,18/06/2017,448484,5672888
Glacier National Park,51.2,-117.7,2017-06-23,Mountain Goat,1,0,Unknown,ADULT,Highway,23/06/2017,448094,5672663
Glacier National Park,51.4,-117.5,2017-07-04,Black Bear,1,1,Female,Unknown,Highway,4/7/2017,468041,5693998
Glacier National Park,51.21,-117.7,2017-07-15,Black Bear,1,0,Male,Adult,Highway,15/07/2017,450228,5673446
Glacier National Park,51.32,-117.5,2017-08-05,Mountain Goat,1,0,Unknown,YOY,Highway,5/8/2017,467506,5686009
Glacier National Park,51.27,-117.5,2017-08-15,Grizzly Bear,1,1,Mixed group,Mixed group,Highway,15/08/2017,464867,5680029
Glacier National Park,51.38,-117.4,2017-10-29,Grizzly Bear,1,0,Male,Adult,Highway,29/10/2017,468716,5692619
